Customer Name,Sales,Profit
Adrian Barton,17307.239999999998,6602.41
Dave Poirier,12871.07,4280.0
Patrick Jones,7958.58,3979.08
Cynthia Arntzen,9298.98,3598.2299999999996
Adam Bellavance,11465.849999999999,3575.7200000000003
Susan Pistek,9548.94,3478.92
Maria Bertelson,9364.35,3246.9900000000002
Patrick O'Donnell,8589.85,3215.38
Jane Waco,8036.88,3170.07
Carol Adams,8359.68,3135.84
